XF5ei1QsN9o,FutureBass
UZErfLJSxc0,House
SzvRvdW5sbU,GlitchHop
KAcBeqcTMHg,FutureBass
Rc_UhG29TNs,House
QDfKzB2T0i4,Synthwave
rJSPEN4gKzk,IndieDance
Z_nc3rwdk4M,IndieDance
qcE__zJ4L6E,FutureBass
uFi_xG_n4kw,FutureBass
t3sz0-xgzNU,House
h7trtZt-Brg,DnB
zjI8F7cuTkw,Acoustic
9FE0iMfOvZs,Drumstep
9rqPPpdsCIo,Acoustic
R9S-BQ4HrqI,DnB
1Z8_5QxQN6w,IndieDance
IcjirzM-aWE,House
28vYCUEZSso,House
MI6t9x4lYv0,House
B2KV1c-LEX8,Chillout
_0dMfoDa-hk,House
vd4ewmsqY2Q,Electronic
PaFGaQyOgHI,House
G_sfjuJnZXs,FutureBass
tuidbnZ5pwc,FutureBass
XDzy5m7TkqI,House
hf2kadabzuk,Electronic
r3uyO6yb72Y,FutureBass
KVHDAZCeGJs,Chillout
N7zDsVyI68s,Chillout
DMF3zRBdEG4,Electronic
htBTUVMp31I,FutureBass
WDRru6GZfSk,Electronic
B9BvuSE8cn8,Chillout
Dk4gRjFJRTw,FutureBass
JjoW3PX0Fqo,FutureBass
NgzZa5d_v-o,House
WVpe9TtyKbs,Chillout
kMBmLsAEQ-U,IndieDance
4E1m8YMKbgY,Electronic
dCLHYHW0oVM,Electronic
FPkzLide5wA,House
ctt_6gmvoSU,Trap
z0zBCTx9QcM,Chillout
lw-eh_5niAg,Trap
cRL1P9eu7kw,Electronic
G7-ozYR613A,Electronic
JTlx3bZkTUc,FutureBass
kkyNZAjM95s,Electronic
cU7xCWWf-8Q,FutureBass
nSQXH8otFGQ,House
CCdYfTEEbsY,Electronic
Vzpu1mNM0Lc,FutureBass
1afWzI5u1H8,Electronic
pFgB9LT4XL0,Trance
d5Y6ABtq2j0,Trap
6MkS_CCYIaI,Dubstep
K0tYrdTUnxA,House
wagRP8d2p_I,Electronic
wcodSJCAIAw,House
7Pc6uv8N2RY,IndieDance
GHNMJqKlDuM,FutureBass
PUTC-1t44VM,House
zjmSlLRuz18,IndieDance
Ank-idz-gKg,IndieDance
57oIto7sCdI,FutureBass
vts9nC8QK2M,Acoustic
LX5gNh3EfEM,FutureBass
O4u5K0UBHig,Dubstep
TudUfOJYn7k,FutureBass
VNK7gbTFelw,IndieDance
uxh6_6ozid4,House
ZjiYEqmAXDA,House
EOh7VQTgHDI,Synthwave
k3SDknTP3gE,Chillout
m7S0zPkUG3M,Chillout
3XV-1Xz6TLE,Trap
6rXyT2fcNi8,FutureBass
th36S2lcWHU,FutureBass
hSMo6Tzwa6k,House
xAfd1o_nqe0,House
q0--_VFsdEo,House
ghQnz83_O10,House
cxfpK0PoK8M,DnB
JHyNTfqRtmk,FutureBass
OGdLFsCgEJc,Electronic
0nioO0MM7-w,Chillout
qMxl1RfbgZE,Drumstep
KIZxJdSgI0I,Dubstep
GZ73hfnww4Q,IndieDance
GuHVAsJ_t2E,Electronic
HXJThLOXWRY,DnB
MeWqUep7gZ8,House
QuVSKeDRjrE,Trap
Q7M6o_e04vM,Electronic
gjdbB1of3_I,FutureBass
IsFnnTbrOIs,Electronic
UTL8JukGyfk,DnB
cRJQfydRKZQ,ElectroHouse
rY8n2znCdcA,ElectroHouse
6zAGb0NTvqM,Chillout
YI_oLpplUHE,House
_Xr5ZQnOSEA,House
ifJWe0PoYKw,House
ECIGx9vTpEc,Dubstep
d9CKt2wHjXM,Electronic
3BL2eLpe7jo,FutureBass
KwBs8EHzzBs,FutureBass
7EcSCiqU-VU,FutureBass
A4-L-RCKCg8,FutureBass
jp_K2hCakMI,Chillout
UxY056yYNFQ,Electronic
RlMKY9qpEm4,Chillout
p6FAlT8YVu0,FutureBass
BIUJsjvPPhY,Electronic
4jARV_XYfdk,DnB
NXGM7its7Ak,Pop
Hcjb4o-0nWc,FutureBass
eEMpCcLm6NI,Electronic
9GWTn24nwfA,DnB
cdtkq8DkYdc,FutureBass
wQK0tzxATD8,FutureBass
DaMzy1JtrWk,FutureBass
H3dHYg7MIzU,IndieDance
AoCxnBsyKT0,Chillout
9WfeVBiTkSY,Drumstep
7dQCrwBjbMk,FutureBass
EFj8LAiQb4s,Electronic
LlkY7xNkGzA,Electronic
vZ21hu7_9eE,Electronic
MMATetU5LeM,Electronic
YE2-4rj5liQ,Electronic
yfJtGfAukzk,Dubstep
nE_zFlX73zY,Electronic
T2oenlKefT0,Electronic
YBHbY6ifEOg,Electronic
6kZPhbKiYxA,Electronic
k1utKdBSavo,House
UKT5_l324wg,House
SzVpfkTReT0,FutureBass
H4-6JCcXlM4,FutureBass
KjBNpJiID-k,Electronic
dpdQZ56cKgA,House
_6tqFnhz83M,IndieDance
cIseaPTGCRU,House
VT9q8-i8e7Q,Electronic
xhTJ_5g_57k,House
DzJXOb7Q1_s,House
XvEtJ6zbzyw,FutureBass
K2QEKOKPlV4,Chillout
lAHpT1eAYH4,Electronic
mlpdyTXeUTc,Electronic
FrX0ZfX8Dqs,House
MH9i4DkNVRc,Electronic
vZkExPWt3ig,Electronic
5m7L8hlArsU,FutureBass
1zjqS6YGwrs,FutureBass
f244Kb8y_a8,Drumstep
FIE_w_Yiy68,IndieDance
UMh8V--HxnI,FutureBass
uPDjXJgGklM,House
AiYuSpsY9kg,Electronic
P6JcPvoIT6E,Indiedance
Ba_n0eHnNDc,FutureBass
fBsNIJLj0Gs,Electronic
iS-PpppSj0E,FutureBass
R8KrEo_tuYM,Electronic
mIyLOIqGZCs,FutureBass
HMsAypFMLFk,FutureBass
qlaaQ5qL35g,Electronic
ULieFxYbcik,FutureBass
X8TLl4Zfv8o,Chillout
40UNhWQj49M,House
uSRLEoBqVQg,House
N-V3zqvtbCM,Electronic
WaUCBtNmeio,FutureBass
GMb02tAqDRM,House
uPOJ4igGPrs,FutureBass
VL3mPTaFFak,Electronic
KwBkrntWxns,Electronic
VucZksgrtAM,Synthwave
wHhr12Ry4P8,Electronic
KjXGQAlDmbE,GlitchHop
LeVmlVQ9uQI,Electronic
nZjbGUttfi4,DnB
SSU4f_zreCk,FutureBass
zJradYUAvlM,Electronic
c5EtGxCYA58,Dubstep
XxbE3jopkJM,Dubstep
Ry3W68euyp0,Dubstep
T0D6S5IzTlE,Dubstep
9Dl2WD2JSWU,Dubstep
SS-Ka8ZKv0g,Psytrance
OCPhlRBH1HM,HappyHardcore
xVIYNi-gYtk,House
891oyr1UUZ0,Trap
AEm3bIBN8aQ,Psytrance
pd4U7_crJuI,Dubstep
E9Ua1ae6mJQ,Dubstep
N7OC58WC_Mo,Dubstep
BwOftZagl3M,DnB
YItO_ZDobaI,Trap
LgSBlFq2L_8,Dubstep
mbClKkoRsIU,Dubstep
uUambLg0E6w,Trap
dBVU2RtCed0,DnB
L01D999HxIY,DnB
ScRDl6CthRw,Dubstep
YFMyAp483Bw,Dubstep
3osTvc0mdo8,ElectroHouse
a0yuE3UmgTY,Dubstep
kk41qAfoQw8,Dubstep
jq9GKwhlXKo,Electronic
JmDM58kwEHY,ElectroHouse
NCj_9cLQKH0,Dubstep
zwHjYo2BaIE,Dubstep
Tzf-qj2QMP8,DnB
kHqjIPWJxMg,ProgressiveHouse
6FU29dWraX8,ProgressiveHouse
S386fSIB2KU,Dubstep
LEXpMSVV5VA,ElectroHouse
Tz_e2T00ya8,Drumstep
Cvgu-OlvDZ8,ElectroHouse
UocA-JYqDFw,Dubstep
DuVqZBeYTl8,ElectroHouse
T5Xeat06R28,Dubstep
iD1wSeSQ1Dc,Midtempo
xzUX6MWoV94,DnB
7uGcpsFaB2Q,Trap
Y8biqXLaNzA,Trap
d3Wm9p1OAMM,ElectroHouse
A96sT-V1aTA,Dubstep
VeWVCr0xrag,Electro
SL4-QFTPyPI,Dubstep
izwSQOLUakw,ElectroHouse
5gM1ZgCUtk4,Drumstep
9pLWRkgSex0,HappyHardcore
DAHQTWh3qcU,Dubstep
VWwxIulH14Q,House
RsB5bW2eH7g,Drumstep
P1JpENUFANI,Dubstep
xXU1OA4GqKQ,Moombahton
JvrAJYB-muQ,Dubstep
Fi0R0leU4Ag,Dubstep
THhGAoY7CRk,ElectroHouse
OsFskAIDqN0,FutureBass
nkEFUfpyPDU,DnB
a6eR0jAad04,Dubstep
NgPWqeirmrM,ElectroHouse
enqFqx-9p6Y,Dubstep
RgQuQVljHcg,Psytrance
o-ins2ph7S4,DnB
l5Kn8bXDmQ0,ElectroHouse
zy-wKBaKe6E,Dubstep
yRTD0MytOEk,HappyHardcore
CXFfxUxf7hw,DnB
JLXTl2Qxkuc,ElectroHouse
VpYY6uEX8Ww,House
mLNbVfavhlc,House
xLupJt7Ts54,Dubstep
Xz0RUutaXN0,ElectroHouse
bV68_Vy0Uis,Dubstep
z9TEicB5FC0,Dubstep
O5InhaEFx7I,Midtempo
WQdIfpQKApI,Midtempo
TwIQI_h6Bf8,Trap
frjhaBZpjak,HappyHardcore
a7N4yXoiu1I,Drumstep
VmTr-ijdlJM,Trap
OjT1nqtlGGU,Dubstep
MK1kjHwtd_I,Dubstep
24YtJSdkF9w,Dubstep
w-KvlxqZ-30,Moombahton
Jaf9DX-9KLE,Trap
j8RDbCB2MzI,Electronic
mrCu4vr8RZc,ElectroHouse
Y5BTEaa2mBc,ElectroHouse
Ht142FXjA40,Dubstep
NLENQgc6b8o,Dubstep
34MdzaewH_o,Dubstep
cqHmsDMHqo8,Dubstep
3_YGormZVQ0,Electronic
xJY8y0wms1A,Dubstep
C9EOll3A7Kg,HappyHardcore
vIaPWxMPhug,Drumstep
qpxWoAsYS2I,HardDance
RhR_Z5wVvJM,ElectroHouse
sb_sRPQKS58,Dubstep
c9ua-zu3S7Y,Dance
Pzs4WUSPE1Q,Dubstep
36hgL7bPDnk,Moombahcore
NYHOSQkOE6Y,Dubstep
M4Xf5n8CCoM,Electronic
ziOYYsU5al4,Electronic
a_xUX7L9brE,Dubstep
lFZ4cSP_4gs,Electronic
3SDF1JljedM,Psytrance
9GbYSrhprVA,Trap
SzQKBrU1YWM,FutureBass
mype6RcMMmY,Dubstep
yp0nbwept10,Trap
BN88-U6hV-U,HappyHardcore
e16Vk-XtMWU,Drumstep
iE3xPvWizU8,ElectroHouse
DmiGLSG8wYE,ElectroHouse
PKAeXBCLcUY,Psytrance
QiJV0_RnTvw,Psytrance
v7Sre0MAkFo,Trap
jeofNIMfhNM,Trap
oIZNrXYOitc,Trap
D1Euo0RTCNA,Dubstep
13XFatYBsRo,Dubstep
0ZRE-z3_qdI,Trap
3-FF1ICL3H8,HappyHardcore
yUMcdh6EMBc,Dubstep
W58FBW93nRc,Trap
ceYKKNXFpSE,Psytrance
A8pOVirjGF0,Drumstep
KqPj7xvXj6M,DnB
S-S-71C5S_g,Psytrance
8oHMXnKxtxE,Dubstep
1XHdO0RZWWc,Dubstep
J_01PfSjMi8,Dubstep
E7gnDHrgVNI,Electro
gEcZKtFgILQ,Drumstep
8Bcw-A92Wbs,Dubstep
qrMeSmMyh8s,Trap
4fJEc7LVz9I,HardDance
86zIPEa5GhI,Trap
TBiJ-RAmCB4,Dubstep
cQNRtPmruIk,Dubstep
8tXjIf-5qKE,Dubstep
3Bo94G1n8ok,Electronic
bwc90PDigs4,HardDance
C9ImBB5vV8c,DnB
_p5exp2TZeM,Electro
8-gpAw17vhc,Electro
U4hMQtcKfQo,Psytrance
BrCKvKXvN2c,trap
SCD2tB1qILc,DnB
cvq7Jy-TFAU,DnB
wijlEgFZFAk,Electro
s35RIQu-9HM,Electronic
WAC7ec3z9uw,Electro
bH4OeB5cSfM,trap
ejGZu1uZk94,Dubstep
GNfmtgQ-PBE,Dubstep
qkPC2vYRSdQ,Electronic
n_wliH1dVNE,HardDance
O3Z7hmRtGq4,Electro
KZSUjlYFGmQ,Electro
nmsWnYiTVT4,Dubstep
3MkJ3TyP0uM,HardDance
AKkKeNtYMTo,Dubstep
xft9wOGs8Us,GlitchHop
y91hSD1csl4,Trap
mKyjzA9PA1A,Dubstep
tfcZ5BHKsQk,Trap
lHKuPOlq9c8,Dubstep
DJFHfNZCADc,Electronic
T6oBzaXk6Zk,Electro
TTGiW3oEtMI,Trap
JJ7hVHPFl4I,Dubstep
mPerS_QhVLI,Trap
DksYAfaoXBs,Trap
QS8w2WM39IQ,Dubstep
bQSXuWsVGcQ,DnB
gfR2cvDPC10,Dubstep
WUJK8jQghI4,Dubstep
THc7PbVHGaQ,Dubstep
LhwQqwJAays,Dubstep
NhImHFdB-vE,Electro
OYSroM6UYso,Dubstep
OEU3t0KMhrU,Halftime
qpChrUKFhx8,DnB
LXyoQ4l_v6k,Trap
2m07K8WTcSo,Trap
pkML3i8tV_Y,Electronic
93vjfDKhf2o,Electro
dfvd03GHMBU,Electro
IjUcbWg4SEo,Dubstep
XtsvWk53KJk,Moombahton
UO8TQqheSBM,Drumstep
RAe1I5ZBOGQ,Breaks
X78KKpVCf1E,DnB
n2qgc8vF8sU,Electro
bnsUkE8i0tU,Psytrance
KH0ONooqcVE,House
